ID,i001,i002,i003,i004,i005,i006,i007,i008,i009,i010,i011,i012,i013,i014,i015,i016,i017,i018,i019,i020,i021,i022,i023,i024,i025,i026,i027,i028,i029,i030,i031,i032,i033,i034,i035,i036,i037,i038,i039,i040,i041,i042,i043,i044,i045,i046,i047,i048,i049,i050,i051,i052,i053,i054,i055,i056,i057,i058,i059,i060,i061,i062,i063,i064,i065,i066,i067,i068,i069,i070,i071,i072,i073,i074,i075,i076,i077,i078,i079,i080,i081,i082,i083,i084,i085,i086,i087,i088,i089,i090,i091,i092,i093,i094,i095,i096,i097,i098,i099,i100,i101,i102,i103,i104,i105,i106,i107,i108,i109,i110,i111,i112,i113,i114,i115,i116,i117,i118,i119,i120,i121,i122,i123,i124,i125,i126
210002, , , , , , , , , , , , , , , , , , , , , , , , ,1,1,1,1,1,1,1,1,1,1,1,1,1,1,1,1,1,1,0,1,0,0,1,1,1,1,0,1,1,0,0, , , , , , , , , , , , , , , , , , , , , , , , , , , , , , , , , , , , , , , , ,1,1,1,1,1,1,0,1,1,0,0,1,1,1,1,1,0,1,1,0,1,1,1,1,1,1,0,1,0,1,1
210003, , , , , , , , , , , , , , , , , , , , , , , , ,1,1,1,1,1,1,1,1,1,1,1,0,1,1,1,1,1,0,1,1,0,1,1,0,1,0,0,1,0,1,1, , , , , , , , , , , , , , , , , , , , , , , , , , , , , , , , , , , , , , , , ,1,1,0,1,1,0,1,1,1,1,1,1,1,1,1,1,0,1,1,1,1,1,1,1,1,0,1,1,0,1,0
210004, , , , , , , , , , , , , , , , , , , , , , , , ,1,1,1,1,1,1,1,1,1,1,0,0,1,1,1,1,0,1,1,1,0,0,0,1,1,0,0,1,0,1,0, , , , , , , , , , , , , , , , , , , , , , , , , , , , , , , , , , , , , , , , ,1,1,1,1,1,1,0,1,1,1,0,0,1,1,1,0,0,1,1,1,1,1,1,0,1,1,0,0,0,0,0
210013, , , , , , , , , , , , , , , , , , , , , , , , ,1,1,1,1,1,1,1,1,1,1,1,1,1,1,1,0,1,1,1,1,1,0,0,0,1,0,1,1,0,1,0, , , , , , , , , , , , , , , , , , , , , , , , , , , , , , , , , , , , , , , , ,1,1,1,1,1,1,1,1,1,1,0,0,1,1,1,1,0,1,1,1,1,1,1,0,1,0,0,1,1,0,0
210014, , , , , , , , , , , , , , , , , , , , , , , , ,1,1,1,1,1,1,0,1,0,1,0,1,1,1,1,1,1,0,1,1,0,1,1,1,0,0,0,1,1,0,0, , , , , , , , , , , , , , , , , , , , , , , , , , , , , , , , , , , , , , , , ,1,1,1,1,1,1,1,1,1,1,1,0,1,1,1,0,1,1,1,1,0,1,1,1,1,1,0,0,0,0,0
210015, , , , , , , , , , , , , , , , , , , , , , , , ,1,1,1,1,1,0,1,1,0,1,1,1,1,1,1,0,0,0,1,1,1,0,0,0,1,0,0,0,0,1,0, , , , , , , , , , , , , , , , , , , , , , , , , , , , , , , , , , , , , , , , ,1,1,1,1,1,1,1,1,1,0,1,0,0,1,1,0,0,1,0,0,1,1,1,0,1,0,0,0,0,1,0
214054,1,1,1,1,1,1,1,1,1,1,0,1,1,1,1,1,1,1,1,1,1,1,1,0,1,1,1,1,1,1, , , , , , , , , , , , , , , , , , , , , , , , , ,1,1,1,1,1,1,1,1,1,1,1,0,1,1,0,1,0,1,1,1,1,0,0,0,1,0,0,1,1,0, , , , , , , , , , , , , , , , , , , , , , , , , , , , , , , , , , , , , , , , , 
214055,1,1,1,1,1,1,1,1,1,1,1,1,1,0,1,1,1,1,1,1,1,1,1,0,1,1,1,1,1,1, , , , , , , , , , , , , , , , , , , , , , , , , ,1,1,1,1,1,1,1,1,1,1,1,1,1,1,1,1,0,1,1,1,0,1,1,0,0,0,0,1,1,0, , , , , , , , , , , , , , , , , , , , , , , , , , , , , , , , , , , , , , , , , 
214057,1,1,1,1,1,1,1,1,1,1,0,1,1,1,1,1,1,1,1,1,1,1,0,0,1,1,1,1,1,1, , , , , , , , , , , , , , , , , , , , , , , , , ,1,1,1,0,1,1,1,1,1,1,1,0,0,1,0, , ,0,0,0,1,0,1,1,0,0,1,0,0,0, , , , , , , , , , , , , , , , , , , , , , , , , , , , , , , , , , , , , , , , , 
214059,1,1,1,1,1,1,1,1,1,1,1,1,1,1,1,1,1,1,1,1,1,1,1,0,1,1,1,1,1,1, , , , , , , , , , , , , , , , , , , , , , , , , ,1,1,1,1,1,1,1,1,1,1,1,1,1,1,1,1,1,1,1,1,1,1,1,1,1,1,1,1,1,1, , , , , , , , , , , , , , , , , , , , , , , , , , , , , , , , , , , , , , , , , 
214061,1,1,1,1,1,1,1,1,1,1,1,1,1,1,1,1,1,1,1,1,1,1,1,1,1,1,1,1,1,1, , , , , , , , , , , , , , , , , , , , , , , , , ,1,1,1,1,1,1,1,1,1,1,1,1,1,1,1,1,1,1,1,1,1,0,1,0,1,1,1,0,1,0, , , , , , , , , , , , , , , , , , , , , , , , , , , , , , , , , , , , , , , , , 
214062,1,1,1,1,1,1,1,1,1,1,1,1,1,1,1,1,1,1,1,1,1,1,1,0,1,1,1,1,1,1, , , , , , , , , , , , , , , , , , , , , , , , , ,1,1,1,1,1,1,1,1,1,1,1,1,1,1,1,1,0,1,0,1,1,1,1,0,0,0,0,0,0,0, , , , , , , , , , , , , , , , , , , , , , , , , , , , , , , , , , , , , , , , , 
214063,1,0,0,1,1,1,1,1,1,1,0,1,1,1,1,1,1,1,1,1,1,1,0,0,1,0,0,1,1,1, , , , , , , , , , , , , , , , , , , , , , , , , ,1,1,1,1,1,1,1,1,1,1,1,0,0,1,1,0,1,1,1,0,0,0,1,0,0,0,0,1,0,0, , , , , , , , , , , , , , , , , , , , , , , , , , , , , , , , , , , , , , , , , 
214064,1,1,1,1,1,1,1,1,1,1,1,1,1,1,1,1,1,1,1,1,1,1,1,0,1,1,1,1,1,1, , , , , , , , , , , , , , , , , , , , , , , , , ,1,1,1,1,1,1,1,1,1,1,1,1,1,1,1,1,0,1,0,1,0,0,0,0,0,1,1,1,0,1, , , , , , , , , , , , , , , , , , , , , , , , , , , , , , , , , , , , , , , , , 
214065,1,1,1,1,1,1,1,1,1,1,0,1,1,1,1,1,0,1,1,0,1,1,1,0,1,1,0,1,1,0, , , , , , , , , , , , , , , , , , , , , , , , , ,1,1,1,1,1,1,1,1,1,1,1,1,1,1,1,1,0,0,1,1,0,0,0,1,1,0,0,0,0,0, , , , , , , , , , , , , , , , , , , , , , , , , , , , , , , , , , , , , , , , , 
214066,1,1,1,1,1,1,1,1,1,1,0,1, , ,1,1,1,1,1,1,1,1,1,0,1,1,1,1,1,1, , , , , , , , , , , , , , , , , , , , , , , , , ,1,1,1,0,1,1,1,1,1,1,1,0,0,1,0,0,0,1,1,0,0,0,0,0,1,0,0,1,0,0, , , , , , , , , , , , , , , , , , , , , , , , , , , , , , , , , , , , , , , , , 
214070, , , , , , , , , ,1,1,1,1,1,1,1,1,1,1,1,1,1,1,0,1,1,1,1,1,1,1,0,0,0,1,0,0,0,1,1, , , , , , , , , , , , , , , , , , , , , , , , , , , , , , ,1,1,1,1,1,1,1,1,1,1,1,1,1,1,1,1,1,1,1,1,1,1,0,1,1,1,1,0,0,1, , , , , , , , , , , , , , , , , , , , , , , , , , 
214071,1,1,1,1,1,1,1,1,1,1,0,1,1,1,1,1,1,1,1,1,1,1,1,0,1,0,1,1,1,1, , , , , , , , , , , , , , , , , , , , , , , , , ,1,1,1,1,1,1,1,1,1,1,1,0,0,1,0,1,1,0,1,1,0,0,1,1,0,0,0,1,0,0, , , , , , , , , , , , , , , , , , , , , , , , , , , , , , , , , , , , , , , , , 
214073,1,1,1,1,1,1,1,1,1,1,1,1,1,1,1,1,1,1,1,1,1,1,1,0,1,1,1,1,1,1, , , , , , , , , , , , , , , , , , , , , , , , , ,1,1,1,1,1,1,1,1,1,1,1,1,1,1,0,1,0,1,0,1,0,0,0,1,1,0,0,0,0,1, , , , , , , , , , , , , , , , , , , , , , , , , , , , , , , , , , , , , , , , , 
223001,1,1,1,1,1,1,1,1,1,1,0,1,1,1,1,1,1,1,0,1,1,1,0,0,0,1,1,1,1,1, , , , , , , , , , , , , , , , , , , , , , , , , ,1,1,1,0,1,1,1,1,1,1,1,1,0,1,0,0,0,0,1,0,0,0,0,0,1,0,0,1,0,0, , , , , , , , , , , , , , , , , , , , , , , , , , , , , , , , , , , , , , , , , 
223002, , , , , , , , , ,1,1,1,1,1,1,1,1,1,1,1,1,1,1,0,1,1,1,1,1,1,1,1,1,0,0,0,0,0,1,1, , , , , , , , , , , , , , , , , , , , , , , , , , , , , , ,1,0,1,1,1,1,1,0,0,1,1,1,1,0,0,1,1,0,0,1,0,0,1,0,0,0,0,0,1,0, , , , , , , , , , , , , , , , , , , , , , , , , , 
223003, , , , , , , , , ,1,1,1,1,1,1,1,1,1,1,1,1,1,1,0,1,1,1,1,1,1,1,1,1,1,0,0,0,0,0,1, , , , , , , , , , , , , , , , , , , , , , , , , , , , , , ,1,1,1,1,1,1,1,1,1,1,1,1,1,1,1,1,1,0,1,1,0,0,1,1,1,1,0,1,0,0, , , , , , , , , , , , , , , , , , , , , , , , , , 
223004, , , , , , , , , ,1,1,1,1,1,1,1,1,1,1,1,1,1,1,0,1,1,1,1,1,1,1,1,0,0,0,0,1,1,1,1, , , , , , , , , , , , , , , , , , , , , , , , , , , , , , ,1,1,1,1,1,0,1,1,0,0,0,0,0,0,0,1,0,0,0,0,0,1,0,1,0,0,1,0,0,1, , , , , , , , , , , , , , , , , , , , , , , , , , 
223005, , , , , , , , , ,1,1,1,1,1,1,1,1,1,1,1,1,1,1,0,1,1,1,1,1,1,1,1,0,0,1,1,0,0,0,1, , , , , , , , , , , , , , , , , , , , , , , , , , , , , , ,1,1,1,1,0,1,1,1,1,1,1,1,1,1,1,1,1,1,1,1,0,1,1,1,1,1,0,0,0,1, , , , , , , , , , , , , , , , , , , , , , , , , , 
223006, , , , , , , , , ,1,1,1,1,1,1,1,0,1,1,1,1,1,1,0,1,1,1,1,1,1,1,0,0,1,0,1,1,1,0,1, , , , , , , , , , , , , , , , , , , , , , , , , , , , , , ,1,1,1,1,1,1,1,1,1,1,1,1,1,1,1,1,1,1,0,1,0,1,1,0,1,0,1,0,0,0, , , , , , , , , , , , , , , , , , , , , , , , , , 
223007, , , , , , , , , ,1,1,1,1,0,1,1,1,1,1,1,1,1,1,1,1,1,1,1,1,1,1,1,1,1,1,1,1,0,1,0, , , , , , , , , , , , , , , , , , , , , , , , , , , , , , ,1,1,1,1,1,0,1,1,1,1,1,1,1,1,1,1,1,1,1,1,1,1,1,1,1,1,1,1,0,1, , , , , , , , , , , , , , , , , , , , , , , , , , 
223008, , , , , , , , , ,1,1,1,1,1,1,1,1,1,1,1,1,1,1,1,1,0,1,1,1,1,1,0,1,1,1,0,1,1,1,1, , , , , , , , , , , , , , , , , , , , , , , , , , , , , , ,1,0,1,0,1,0,1,1,0,0,0,1,0,0,0,0,1,0,0,0,0,1,0,1,1,1,0,0,0,0, , , , , , , , , , , , , , , , , , , , , , , , , , 
223009, , , , , , , , , ,1,1,1,1,1,0,1,1,1,1,1,1,1,1,1,1,1,1,1,1,1,0,0,0,0,0,1,0,0,0,0, , , , , , , , , , , , , , , , , , , , , , , , , , , , , , ,1,1,1,1,1,0,1,1,1,1,1,1,1,1,0,0,1,1,0,0,0,1,0,1,1,1,1,1,0,0, , , , , , , , , , , , , , , , , , , , , , , , , , 
223010, , , , , , , , , , , , , , , , , , , , , , , , ,1,1,1,1,1,1,0,1,0,0,1,1,1,1,0,0,0,1,1,0,0,1,0,1,1,1,0,1,1,0,0, , , , , , , , , , , , , , , , , , , , , , , , , , , , , , , , , , , , , , , , ,1,0,1,0,0,1,1,0,1,0,0,0,1,0,1,0,0,0,0,0,0,0,0,0,1,0,1,1,0,0,0
223011, , , , , , , , , , , , , , , , , , , , , , , , ,1,1,1,1,1,0,0,1,0,1,0,0,1,1,1,1,0,0,1,1,1,0,1,1,1,1,0,0,0,1,0, , , , , , , , , , , , , , , , , , , , , , , , , , , , , , , , , , , , , , , , ,1,1,1,1,1,1,1,1,0,1,0,0,0,0,1,0,0,1,1,1,1,1,1,1,1,0,1,0,0,0,0
223012, , , , , , , , , ,1,1,1,1,1,1,1,1,1,1,1,1,1,1,0,1,1,1,1,1,1,1,1,0,1,0,1,0,1,1,1, , , , , , , , , , , , , , , , , , , , , , , , , , , , , , ,1,1,1,1,1,0,1,1,1,1,1,1,1,1,1,1,1,0,0,1,0,0,0,1,0,1,1,0,1,1, , , , , , , , , , , , , , , , , , , , , , , , , , 
223013, , , , , , , , , ,1,1,1,1,1,1,1,1,1,1,1,1,1,1,1,1,1,1,1,1,1,1,1,1,1,0,1,0,1,1,1, , , , , , , , , , , , , , , , , , , , , , , , , , , , , , ,1,1,1,1,1,1,1,1,1,1,1,1,1,1,1,1,1,1,1,1,1,1,1,1,1,1,1,1,1,1, , , , , , , , , , , , , , , , , , , , , , , , , , 
223015, , , , , , , , , , , , , , , , , , , , , , , , ,1,1,1,1,1,1,1,1,0,0,1,0,0,0,1,0,1,0,0,1,0,0,0,1,1,1,0,0,0,1,0, , , , , , , , , , , , , , , , , , , , , , , , , , , , , , , , , , , , , , , , ,1,1,1,1,1,1,0,0,0,0,0,0,1,1,1,0,0,1,1,0,0,1,1,0,0,1,0,1,0,0,1
223017, , , , , , , , , , , , , , , , , , , , , , , , ,1,1,1,1,1,0,1,1,0,1,0,0,0,0,0,1,0,1,0,1,1,0,0,0,0,1,0,0,1,0,1, , , , , , , , , , , , , , , , , , , , , , , , , , , , , , , , , , , , , , , , ,1,0,1,0,1,1,0,1,0,1,0,0,1,0,1,0,0,1,1,0,0,0,1,1,1,0,0,0,1,0,0
223018, , , , , , , , , , , , , , , , , , , , , , , , ,1,1,1,1,1,1,1,1,1,1,1,1,1,0,1,1,1,1,1,1,0,1,0,0,0,0,1,1,0,1,1, , , , , , , , , , , , , , , , , , , , , , , , , , , , , , , , , , , , , , , , ,1,0,1,0,1,1,0,0,1,0,0,0,0,0,1,0,0,0,1,0,0,0,1,0,1,0,1,0,0,0,0
223019, , , , , , , , , , , , , , , , , , , , , , , , ,1,1,1,1,1,0,0,1,0,1,1,0,1,1,0,1,0,0,0,0,1,1,0,0,1,0,0,0,1,0,0, , , , , , , , , , , , , , , , , , , , , , , , , , , , , , , , , , , , , , , , ,1,0,1,1,1,1,1,1,1,1,0,0,0,0,1,0,1,1,0,0,1,0,1,0,1,0,1,0,0,0,1
223020, , , , , , , , , , , , , , , , , , , , , , , , ,1,1,1,1,1,0,1,1,0,0,0,0,0,1,1,0,1,1,1,1,1,0,0,0,0,0,0,0,0,0,0, , , , , , , , , , , , , , , , , , , , , , , , , , , , , , , , , , , , , , , , ,1,0,0,0,1,0,0,0,1,0,0,0,1,0,0,0,1,1,0,0,0,1,1,1,0,0,1,1,0,1,0
223021, , , , , , , , , , , , , , , , , , , , , , , , ,1,1,1,1,1,1,1,1,1,1,1,1,1,0,1,1,0,1,0,0,0,1,0,1,1,1,0,1,0,0,0, , , , , , , , , , , , , , , , , , , , , , , , , , , , , , , , , , , , , , , , ,1,0,1,0,1,1,1,1,1,1,1,0,1,1,1,0,0,1,1,0,0,0,1,0,1,0,0,0,0,1,0
223022, , , , , , , , , ,1,1,1,1,1,1,1,0,1,1,1,1,1,1,1,0,1,1,1,1,0,1,0,0,0,0,0,0,1,1,1, , , , , , , , , , , , , , , , , , , , , , , , , , , , , , ,1,1,1,0,1,0,1,0,0,0,0,1,0,1,0,0,1,0,0,0,0,0,1,0,0,0,0,1,1,0, , , , , , , , , , , , , , , , , , , , , , , , , , 
223023, , , , , , , , , , , , , , , , , , , , , , , , ,1,1,1,1,1,1,1,1,1,0,0,0,0,1,1,0,0,1,0,0,0,1,0,0,0,0,0,0,1,0,0, , , , , , , , , , , , , , , , , , , , , , , , , , , , , , , , , , , , , , , , ,1,1,1,1,1,1,1,1,1,0,1,1,0,1,1,1,0,1,1,0,1,1,1,1,1,0,0,0,0,1,0
223024, , , , , , , , , , , , , , , , , , , , , , , , ,1,1,1,1,1,1,0,0,0,1,0,1,1,0,0,1,0,0,0,1,1,0,1,0,0,0,0,0,0,1,0, , , , , , , , , , , , , , , , , , , , , , , , , , , , , , , , , , , , , , , , ,1,0,1,1,1,1,1,1,1,0,0,0,0,0,1,0,0,1,1,0,0,1,1,0,0,0,0,0,0,0,0
223027, , , , , , , , , , , , , , , , , , , , , , , , ,1,1,1,1,1,1,1,1,0,0,0,1,1,0,1,1,0,1,1,0,0,0,0,0,1,0,0,1,0,1,0, , , , , , , , , , , , , , , , , , , , , , , , , , , , , , , , , , , , , , , , ,1,0,0,1,1,1,0,1,1,0,1,1,0,0,1,1,1,1,1,1,1,1,1,0,1,1,0,0,0,0,0
223028, , , , , , , , , , , , , , , , , , , , , , , , ,1,1,1,1,1,1,0,0,0,0,0,0,0,1,0,1,0,0,0,0,0,0,0,1,1,0,1,1,1,0,0, , , , , , , , , , , , , , , , , , , , , , , , , , , , , , , , , , , , , , , , ,1,0,1,0,1,1,0,1,0,1,0,0,1,0,1,0,0,1,1,0,1,0,1,0,0,0,0,0,0,1,0
223029, , , , , , , , , ,1,1,1,1,1,1,1,0,1,1,1,1,1,1,0,1,1,1,1,1,0,0,0,0,1,0,1,0,1,0,1, , , , , , , , , , , , , , , , , , , , , , , , , , , , , , ,1,1,1,1,1,1,1,1,1,1,1,1,1,1,1,1,1,1,1,1,0,1,1,0,1,1,0,1,0,1, , , , , , , , , , , , , , , , , , , , , , , , , , 
223031, , , , , , , , , , , , , , , , , , , , , , , , ,1,1,1,1,1,1,1,1,1,0,1,1,1,1,1,1,0,1,1,1,1,1,0,1,1,0,1,1,0,0,0, , , , , , , , , , , , , , , , , , , , , , , , , , , , , , , , , , , , , , , , ,1,1,1,1,1,1,0,1,1,0,1,1,1,1,1,1,1,1,0,0,1,1,1,0,1,0,1,1,0,0,0
223032, , , , , , , , , , , , , , , , , , , , , , , , ,1,1,1,1,1,1,1,1,0,0,1,1,0,1,1,0,1,0,0,1,1,0,1,0,0,1,0,1,0,0,0, , , , , , , , , , , , , , , , , , , , , , , , , , , , , , , , , , , , , , , , ,1,1,1,1,1,1,0,1,1,1,1,0,0,0,1,0,1,1,1,1,0,1,0,1,0,0,1,0,0,0,1
223033, , , , , , , , , ,1,1,1,1,1,1,1,0,1,1,1,1,1,1,0,1,1,1,1,1,1,1,1,0,1,0,0,0,0,0,1, , , , , , , , , , , , , , , , , , , , , , , , , , , , , , ,1,1,1,1,1,1,1,0,1,1,1,1,0,1,0,1,1,0,1,1,1,1,0,1,1,1,1,0,1,1, , , , , , , , , , , , , , , , , , , , , , , , , , 
223035, , , , , , , , , , , , , , , , , , , , , , , , ,1,1,1,1,1,1,1,1,0,0,1,1,1,1,0,1,1,1,1,0,0,1,0,1,1,0,1,1,1,0,0, , , , , , , , , , , , , , , , , , , , , , , , , , , , , , , , , , , , , , , , ,1,0,1,1,1,1,1,1,1,0,0,0,0,0,1,0,0,1,1,1,1,1,1,1,1,0,0,0,0,0,0
223038, , , , , , , , , , , , , , , , , , , , , , , , ,1,1,1,1,1,1,1,1,1,1,1,1,1,1,1,0,0,1,0,1,1,0,0,1,1,0,0,0,0,0,0, , , , , , , , , , , , , , , , , , , , , , , , , , , , , , , , , , , , , , , , ,1,1,1,1,1,1,1,1,1,1,1,1,0,1,1,0,0,1,0,1,1,1,1,0,1,1,0,1,0,0,0
223039, , , , , , , , , , , , , , , , , , , , , , , , ,1,1,1,1,1,1,0,1,0,0,1,1,1,0,1,1,1,1,1,0,0,1,0,1,1,0,0,0,1,0,0, , , , , , , , , , , , , , , , , , , , , , , , , , , , , , , , , , , , , , , , ,1,1,1,1,1,1,1,1,1,1,1,1,0,0,1,0,0,1,1,1,1,1,1,0,1,0,1,0,1,0,0
223040, , , , , , , , , , , , , , , , , , , , , , , , ,1,0,1,1,1,1,1,1,0,1,1,0,1,0,0,0,0, ,0,1,1,0,0,0,1,0,0,0,0,0,0, , , , , , , , , , , , , , , , , , , , , , , , , , , , , , , , , , , , , , , , ,1,1,1,0,1,1,1,1,1,1,0,1,0,1,1,1,0,1,1,1,1,1,1,0,1,1,0,1,0,1,1
223041, , , , , , , , , , , , , , , , , , , , , , , , ,1,1,1,1,1,1,0,1,0,1,1,1,1,1,1,0,1,1,1,1,1,0,0,0,0,0,0,1,1,0,1, , , , , , , , , , , , , , , , , , , , , , , , , , , , , , , , , , , , , , , , ,1,1,0,1,1,1,0,0,1,1,1,1,0,0,1,0,0,1,1,1,1,1,0,0,0,0,1,0,0,0,1
223043, , , , , , , , , , , , , , , , , , , , , , , , ,1,0,1,1,1,1,1,1,1,1,1,1,1,1,1,0,1,1,1,0,1,0,0,0,1,1,1,1,1,1,1, , , , , , , , , , , , , , , , , , , , , , , , , , , , , , , , , , , , , , , , ,1,1,1,1,1,1,1,1,1,1,1,1,1,1,1,1,1,1,0,1,1,1,1,1,1,1,0,1,1,1,0
223045, , , , , , , , , , , , , , , , , , , , , , , , ,1,1,1,1,1,1,1,1,1,1,1,1,1,1,1,1,1,1,1,1,1,1,1,1,1,0,0,1,0,1,1, , , , , , , , , , , , , , , , , , , , , , , , , , , , , , , , , , , , , , , , ,1,1,1,1,1,1,0,1,1,1,1,1,1,1,1,1,1,1,1,1,1,1,1,0,1,1,0,1,1,1,1
223046, , , , , , , , , , , , , , , , , , , , , , , , ,1,1,1,1,1,1,1,1,1,1,1,1,1,1,1,1,1,1,0,1,1,0,1,1,1,0,0,1,0,0,0, , , , , , , , , , , , , , , , , , , , , , , , , , , , , , , , , , , , , , , , ,0,0,1,1,1,1,1,1,0,0,1,0,0,1,1,1,1,0,0,0,0,1,1,1,0,0,0,0,0,1,0
223050, , , , , , , , , , , , , , , , , , , , , , , , ,1,1,1,1,1,1,1,1,1,1,1,1,1,1,1,1,0,1,0,1,1,1,0,1,1,0,0,1,0,0,1, , , , , , , , , , , , , , , , , , , , , , , , , , , , , , , , , , , , , , , , ,1,1,1,1,1,1,0,0,1,0,1,1,0,1,1,0,0,1,1,0,1,1,0,0,1,1,1,0,0,0,0
223051, , , , , , , , , , , , , , , , , , , , , , , , , , , , , , , , , , , , , , , , , , , , , , , , , , , , , , , , , , , , , , , , , , , , , , ,1,1,1,1,1,0,1,1,0,1,1,1,1,1,1,1,1,1,1,1,0,1,0,1,1,0,1,0,0,0, , , , , , , , , , , , , , , , , , , , , , , , , , 
223058, , , , , , , , , , , , , , , , , , , , , , , , ,1,1,1,1,1,1,1,1,0,0,0,1,0,1,1,1,1,0,1,1,0,0,0,1,0,0,1,0,0,0,0, , , , , , , , , , , , , , , , , , , , , , , , , , , , , , , , , , , , , , , , ,1,1,0,0,1,1,1,1,1,0,1,0,1,1,1,0,1,1,1,0,1,1,1,0,0,1,1,0,0,1,1
223061, , , , , , , , , , , , , , , , , , , , , , , , ,1,1,1,1,1,1,1,1,0,0,0,0,1,0,1,1,0,0,1,0,0,0,0,0,0,0,0,1,1,0,0, , , , , , , , , , , , , , , , , , , , , , , , , , , , , , , , , , , , , , , , ,1,1,0,1,1,1,0,1,1,0,0,0,0,0,1,0,1,1,1,0,0,1,1,0,0,0,1,0,0,0,0
223062, , , , , , , , , , , , , , , , , , , , , , , , ,1,1,1,1,1,1,1,1,0,0,1,1,0,0,1,1,1,1,1,1,0,0,0,0,0,0,0,0,0,1,0, , , , , , , , , , , , , , , , , , , , , , , , , , , , , , , , , , , , , , , , ,1,0,1,0,1,1,1,0,1,1,1,1,1,0,1,0,1,1,1,1,0,1,1,0,1,0,1,0,0,0,1
223063, , , , , , , , , , , , , , , , , , , , , , , , ,1,1,1,1,1,1,1,1,0,0,0,1,1,1,1,1,0,1,0,1,1,0,0,0,0,1,0,1,1,0,0, , , , , , , , , , , , , , , , , , , , , , , , , , , , , , , , , , , , , , , , ,1,0,0,1,1,1,1,1,1,0,0,0,0,1,0,0,0,1,0,0,1,1,0,1,1,0,1,0,0,0,0
223064, , , , , , , , , , , , , , , , , , , , , , , , ,1,1,1,1,1,1,1,0,0,1,0,1,0,0,1,1,0,1,0,0,0,1,0,0,1,1,0,1,0,0,0, , , , , , , , , , , , , , , , , , , , , , , , , , , , , , , , , , , , , , , , ,1,1,1,1,1,1,1,1,1,1,1,0,0,1,1,0,1,1,0,1,1,0,0,1,1,0,0,0,0,1,1
223065, , , , , , , , , , , , , , , , , , , , , , , , ,1,1,1,1, ,1, ,0,1,0,0,0,0,0,0,1,1,0,1,1,1,1,0,0,1,0,0,0,0,1,0, , , , , , , , , , , , , , , , , , , , , , , , , , , , , , , , , , , , , , , , ,1,1,1,1,1,1,1,0,1,0,0,0,0,0,1,1,0,1,0,0,1,1,0,0,0,0,0,1,0,1,0
223066, , , , , , , , , , , , , , , , , , , , , , , , ,1,1,1,1,1,1,0,1,0,0,0,0,1,0,0,1,0,1,0,0,0,0,0,1,1,0,0,1,0,1,1, , , , , , , , , , , , , , , , , , , , , , , , , , , , , , , , , , , , , , , , ,1,1,0,0,1,1,1,1,1,0,0,0,0,0,1,1,1,1,1,0,1,0,1,1,0,0,0,0,1,0,1
223067, , , , , , , , , ,1,1,1,1,1,1,1,1,1,0, ,1,1,1,0,1,1,1,1,1,1,0,1,0,0,1,1,0,0,0,1, , , , , , , , , , , , , , , , , , , , , , , , , , , , , , ,1,1,1,1,0,1,1,0,1,1,1,1,1,1,0,1,1,0,0,0,1,0,1,1,0,1,0,1,0,0, , , , , , , , , , , , , , , , , , , , , , , , , , 
223070, , , , , , , , , , , , , , , , , , , , , , , , ,1,1,1,1,1,1,0,1,0,0,0,1,1,1,1,0,0,1,1,0,0,1,0,0,0,0,0,0,1,0,0, , , , , , , , , , , , , , , , , , , , , , , , , , , , , , , , , , , , , , , , ,0,1,1,0,1,0,1,1,1,0,0,0,0,0,1,0,1,0,0,0,1,0,0,0,1,0,1,0,0,1,0
223071, , , , , , , , , ,1,1,1,1,1,1,1,0,1,1,1,1,1,1,0,1,0,1,1,1,1,0,1,0,0,1,0,0,1,0,1, , , , , , , , , , , , , , , , , , , , , , , , , , , , , , ,1,1,1,1,1,0,1,1,0,1,1,1,0,0,0,1,1,0,0,1,0,0,1,0,0,1,0,0,0,1, , , , , , , , , , , , , , , , , , , , , , , , , , 
309037, , , , , , , , , , , , , , , , , , , , , , , , ,1,1,1,1,1,1,1,1,1,1,1,1,1,1,1,1,1,1,1,0,1,1,1,1,1,0,0,1,0,0,1, , , , , , , , , , , , , , , , , , , , , , , , , , , , , , , , , , , , , , , , ,1,1,1,1,1,1,1,1,1,0,1,1,1,1,1,1,1,1,1,1,1,1,1,1,1,1,1,1,1,1,1
309038, , , , , , , , , , , , , , , , , , , , , , , , ,1,1,1,1,1,1,1,1,1,1,1,1,1,1,1,1,0,1,1,1,1,0,1,1,1,0,0,1,0,0,0, , , , , , , , , , , , , , , , , , , , , , , , , , , , , , , , , , , , , , , , ,1,1,1,1,1,1,1,1,0,0,1,1,0,1,1,1,0,1,1,1,1,1,1,0,1,0,1,1,0,1,0
309039, , , , , , , , , , , , , , , , , , , , , , , , ,1,1,1,0,1,1,0,0,1,1,0,1,0,0,0,1,0,1,0,1,1,1,0,0,0,0,0,0,1,0,0, , , , , , , , , , , , , , , , , , , , , , , , , , , , , , , , , , , , , , , , ,0,0,0,0,1,0,0,0,1,0,0,1,0,0,0,0,0,1,1,0,0,0,0,0,1,0,0,1,0,0,0
309040, , , , , , , , , , , , , , , , , , , , , , , , ,1,1,1,1,1,1,1,1,1,1,1,1,1,1,1,1,0,1,0,1,1,1,1,1,1,1,1,1,0,0,1, , , , , , , , , , , , , , , , , , , , , , , , , , , , , , , , , , , , , , , , ,1,1,1,1,1,1,1,1,1,0,1,1,1,1,0,1,1,1,0,1,1,1,1,0,1,1,0,1,0,0,1
309041, , , , , , , , , , , , , , , , , , , , , , , , ,1,1,1,1,1,1,0,1,1,1,1,1,1,0,1,0,0,1,1,0,1,0,0,0,0,1,1,0,1,1,0, , , , , , , , , , , , , , , , , , , , , , , , , , , , , , , , , , , , , , , , ,1,1,1,1,1,1,1,1,0,0,1,1,0,1,1,1,1,1,1,0,1,1,1,0,1,1,1,0,1,1,1
309042, , , , , , , , , , , , , , , , , , , , , , , , ,1,1,1,1,1,1,1,1,1,1,1,1,1,0,1,1,0,0,0,1,0,0,0,1,1,0,0,0,0,0,0, , , , , , , , , , , , , , , , , , , , , , , , , , , , , , , , , , , , , , , , ,1,1,0,1,1,0,0,1,1,0,0,1,1,1,1,0,0,1,0,0,0,1,0,0,1,0,0,1,1,1,1
309043,1,1,1,1,1,1,1,1,1,1,1,1,1,1,1,1,0,1,1,1,1,1,1,0,1,1,1,1,1,1, , , , , , , , , , , , , , , , , , , , , , , , , ,1,1,1,1,1,1,1,1,1,1,1,1,1,1,1,1,1,1,0,1,0,0,1,1,0,0,0,1,1,0, , , , , , , , , , , , , , , , , , , , , , , , , , , , , , , , , , , , , , , , , 
309044, , , , , , , , , ,1,1,1,1,1,1,1,1,1,1,1,1,1,1,1,1,1,1,1,1,1,1,0,1,0,1,1,0,1,1,1, , , , , , , , , , , , , , , , , , , , , , , , , , , , , , ,1,1,1,1,1,1,1,1,1,1,1,1,1,1,1,1,1,1,1,1,1,1,1,1,1,0,1,1,1,1, , , , , , , , , , , , , , , , , , , , , , , , , , 
309045, , , , , , , , , , , , , , , , , , , , , , , , ,1,1,1,1,1,1,1,1,1,1,0,0,0,1,1,1,1,1,0,1,0,0,0,1,0,1,0,0,1,0,0, , , , , , , , , , , , , , , , , , , , , , , , , , , , , , , , , , , , , , , , ,1,1,0,1,1,1,1,1,1,0,0,0,0,1,0,0,0,1,0,0,1,1,0,0,1,1,1,0,0,0,0
309046, , , , , , , , , , , , , , , , , , , , , , , , ,1,1,1,1,1,1,1,1,1,1,1,0,1,1,1,1,1,1,1,1,0,1,1,1,1,0,1,1,1,1,0, , , , , , , , , , , , , , , , , , , , , , , , , , , , , , , , , , , , , , , , ,1,1,1,1,1,1,0,1,1,1,1,0,1,1,1,1,1,1,1,1,1,1,1,0,1,0,0,0,0,1,0
309047, , , , , , , , , , , , , , , , , , , , , , , , ,1,1,1,1,1,1,1,1,1,1,1,1,1,1,1,1,1,1,1,1,1,0,1,1,1,0,0,1,1,1,0, , , , , , , , , , , , , , , , , , , , , , , , , , , , , , , , , , , , , , , , ,1,1,1,1,1,1,1,1,1,1,1,1,1,1,1,1,1,1,1,1,1,1,1,1,1,1,0,1,1,1,1
309048, , , , , , , , , , , , , , , , , , , , , , , , ,1,1,1,1,1,1,1,0,1,0,1,1,1,1,1,0,1,1,1,1,1,0,1,1,0,0,0,1,1,0,0, , , , , , , , , , , , , , , , , , , , , , , , , , , , , , , , , , , , , , , , ,1,1,1,1,1,1,1,1,1,0,1,1,1,1,1,1,1,1,1,1,1,1,1,0,1,1,1,1,0,0,1
309049, , , , , , , , , , , , , , , , , , , , , , , , ,1,1,1,1,1,1,1,1,1,1,1,1,1,1,1,1,1,1,1,1,1,0,1,1,1,1,0,1,1,1,1, , , , , , , , , , , , , , , , , , , , , , , , , , , , , , , , , , , , , , , , ,1,1,1,1,1,1,0,1,1,1,1,1,1,1,1,1,1,1,1,1,1,1,1,1,1,1,1,1,1,1,1
309050, , , , , , , , , ,1,1,1,1,1,1,1,0,1,1,1,1,1,1,0,1,1,1,1,1,1,1,1,0,1,1,0,1,0,1,0, , , , , , , , , , , , , , , , , , , , , , , , , , , , , , ,1,1,1,1,1,1,1,1,1,1,1,1,1,1,0,1,1,0,1,1,0,1,0,1,1,1,1,0,0,0, , , , , , , , , , , , , , , , , , , , , , , , , , 
348002,1,1,1,1,1,1,1,1,1,1,1,1,1,1,1,1,1,1,1,1,1,1,1,0,1,1,1,1,1,1, , , , , , , , , , , , , , , , , , , , , , , , , ,1,1,1,1,1,1,1,1,1,1,1,1,1,1,1,1,1,1,1,1,1,1,1,0,0,1,1,0,1,1, , , , , , , , , , , , , , , , , , , , , , , , , , , , , , , , , , , , , , , , , 
348003,1,1,1,1,1,1,1,1,1,1,1,1,1,1,1,1,1,1,1,1,1,1,1,0,1,1,1,1,1,1, , , , , , , , , , , , , , , , , , , , , , , , , ,1,1,1,1,1,1,1,1,1,1,1,1,1,1,0,1,1,1,1,1,0,0,1,1,1,1,1,0,0,1, , , , , , , , , , , , , , , , , , , , , , , , , , , , , , , , , , , , , , , , , 
348004,1,1,1,1,1,1,1,1,1,1,1,1,1,1,1,1,1,1,1,1,1,1,1,0,1,1,1,1,1,1, , , , , , , , , , , , , , , , , , , , , , , , , ,1,1,1,1,1,1,1,1,1,1,1,1,1,1,0,1,1,1,1,1,0,1,1,0,0,1,0,1,0,0, , , , , , , , , , , , , , , , , , , , , , , , , , , , , , , , , , , , , , , , , 
348005,1,1,1,1,1,1,1,1,1,1,1,1,1,1,1,1,1,1,1,1,1,1,1,1,1,1,1,1,1,1, , , , , , , , , , , , , , , , , , , , , , , , , ,1,1,1,1,1,1,1,1,1,1,1,1,1,1,1,1,1,1,1,1,1,1,1,1,0,1,0,0,1,1, , , , , , , , , , , , , , , , , , , , , , , , , , , , , , , , , , , , , , , , , 
348006,1,1,1,1,1,1,1,1,1,1,1,1,1,1,1,1,1,1,1,0,1,1,1,0,1,1,1,1,1,1, , , , , , , , , , , , , , , , , , , , , , , , , ,1,1,1,1,1,1,1,1,1,1,1,1,1,1,1,1,1,1,1,1,1,1,1,1,1,1,1,1,0,1, , , , , , , , , , , , , , , , , , , , , , , , , , , , , , , , , , , , , , , , , 
364001, , , , , , , , , ,1,1,1,1,0,1,1,1,1,1,1,1,1,0,1,1,1,1,1,1,1,1,1,1,0,1,0,1,1,1,1, , , , , , , , , , , , , , , , , , , , , , , , , , , , , , ,1,1,1,1,1,1,1,1,1,1,1,1,1,1,1,1,1,1,1,1,1,1,1,0,1,1,1,1,0,1, , , , , , , , , , , , , , , , , , , , , , , , , , 
364002,1,1,1,1,1,0,1,1, ,1,0,1,1,1,1,1,0,1,1,1,1,1,1,1,1,1,1,1,1,1, , , , , , , , , , , , , , , , , , , , , , , , , ,1,1,0,1,1,1,1,1,1,1,1,0,1,1,1,0,0,1,1,1,1,0,1,1,1,0,0,0,0,0, , , , , , , , , , , , , , , , , , , , , , , , , , , , , , , , , , , , , , , , , 
364003,0,1,0,1,0,0,1,1,1, , , , , , , , , , , , , , , , , , , , , , , , , , , , , , , , , , , , , , , , , , , , , , , , , , , ,1,0,1, ,1,0,0,0,1,1, , , , , , , ,0, , , , , , , , , , , , , , , , , , , , , , , , , , , , , , , , , , , , , , , , , , , , , , , , 
364004,1,1,1,0,1,1,1,1,1,1,0,1,1,1,0,1,1,1,1,1,1,1,1,1,1,1,1,1,1,0, , , , , , , , , , , , , , , , , , , , , , , , , ,1,1,1,1,1,1,1,1,1,1,1,0,1,1,1,1,0,1,1,1,0,1,1,0,1,1,1,1,1,0, , , , , , , , , , , , , , , , , , , , , , , , , , , , , , , , , , , , , , , , , 
364005,1,1,1,1,1,1,1,1,1,1,1,1,1,1,1,1,1,1,1,1,1,1,1,1,1,1,1,1,1,0, , , , , , , , , , , , , , , , , , , , , , , , , ,1,1,1,1,1,1,1,1,1,1,1,0,1,1,1,1,1,1,1,1,1,1,1,1,1,0,1,1,0,0, , , , , , , , , , , , , , , , , , , , , , , , , , , , , , , , , , , , , , , , , 
364006,1,1,1,1,1,1,1,1,1,1,1,1,1,1,1,1,1,1,1,1,1,1,1,1,1,1,1,1,1,1, , , , , , , , , , , , , , , , , , , , , , , , , ,1,1,1,1,1,1,1,1,1,1,1,1,1,1,0,1,0,1,1,1,1,1,1,0,1,1,0,0,1,1, , , , , , , , , , , , , , , , , , , , , , , , , , , , , , , , , , , , , , , , , 
364007, , , , , , , , , ,1,1,1,1,1,1,1,1,1,1,1,1,1,1,1,1,1,1,1,1,1,1,1,1,1,0,1,0,1,1,1, , , , , , , , , , , , , , , , , , , , , , , , , , , , , , ,1,1,1,1,1,1,1,1,1,1,1,1,1,1,1,1,1,1,1,1,0,0,1,1,1,1,1,0,0,1, , , , , , , , , , , , , , , , , , , , , , , , , , 
364008, , , , , , , , , ,1,0,1,1,0,1,1,1,1,1,1,1,1,1,1,1,1,1,1,1,1,1,0,0,1,1,1,1,0,1,1, , , , , , , , , , , , , , , , , , , , , , , , , , , , , , ,1,1,1,1,1,1,1,1,1,0,1,1,1,0,1,0,0,0,1,0,0,0,0,1,0,1,0,0,0,0, , , , , , , , , , , , , , , , , , , , , , , , , , 
364009, , , , , , , , , ,1,1,1,1,1,1,1,1,1,1,1,1,1,1,1,1,1,1,1,1,1,1,1,1,1,1,1,0,1,1,1, , , , , , , , , , , , , , , , , , , , , , , , , , , , , , ,1,1,1,1,1,1,1,1,1,1,1,1,1,1,1,1,1,0,1,1,0,1,1,1,1,1,0,0,0,0, , , , , , , , , , , , , , , , , , , , , , , , , , 
